05/06,Memphis Grizzlies,408,1223,2283,4949,1465,1942,927,2404,1605,597,456,1213,1867,7255
05/06,San Antonio Spurs,300,886,2482,5534,1414,1912,886,2417,1336,599,343,1136,1709,7278
05/06,Detroit Pistons,329,1012,2586,5438,1235,1677,951,2399,1541,481,285,1145,1726,7394
05/06,Houston Rockets,541,1465,2167,4845,1560,2135,874,2477,1647,582,373,1094,1716,7517
05/06,Indiana Pacers,371,1083,2460,5421,1511,2060,968,2416,1520,661,399,1112,1800,7544
05/06,Brooklyn/New Jersey Nets,465,1336,2265,4886,1654,2232,787,2599,1641,589,329,1177,1889,7579
05/06,Dallas Mavericks,404,1120,2397,5199,1626,2163,935,2209,1433,536,400,1151,1958,7632
05/06,Minnesota Timberwolves,447,1229,2405,5245,1525,2072,974,2411,1554,539,374,1139,1736,7676
05/06,Utah Jazz,490,1297,2240,4780,1839,2466,871,2237,1511,663,463,1166,2104,7789
05/06,Cleveland Cavaliers,459,1291,2490,5190,1462,1970,807,2421,1666,540,357,1079,1842,7819
05/06,Los Angeles Clippers,474,1367,2413,5271,1593,2175,858,2432,1765,570,355,1053,1777,7841
05/06,New Orleans/Oklahoma City Hornets/New Orleans Hornets/Pelicans,546,1486,2337,4800,1530,2014,860,2498,1584,527,432,1197,1910,7842
05/06,Orlando Magic,460,1287,2410,5040,1672,2285,911,2239,1644,615,386,1099,1899,7872
05/06,Miami Heat,490,1359,2381,5170,1642,2223,826,2359,1596,560,298,1063,1938,7874
05/06,Los Angeles Lakers,474,1342,2471,5205,1585,2123,893,2399,1730,536,354,1158,1925,7949
05/06,Chicago Bulls,501,1428,2272,5087,1921,2472,881,2541,1652,611,420,1228,1883,7968
05/06,Sacramento Kings,462,1316,2591,5410,1412,1891,953,2503,1733,656,403,1199,1886,7980
05/06,Portland Trail Blazers,498,1306,2534,5166,1498,1971,1029,2445,1737,592,403,1060,1704,8060
05/06,Milwaukee Bucks,490,1385,2482,4998,1671,2237,832,2475,1847,606,414,1182,1937,8105
05/06,Boston Celtics,446,1265,2498,5197,1825,2457,910,2369,1763,688,404,1210,1837,8159
05/06,Washington Wizards,501,1379,2513,5098,1655,2222,964,2477,1766,537,341,1326,2075,8184
05/06,Golden State Warriors,469,1335,2578,5339,1624,2187,985,2662,1828,576,409,1258,1919,8187
05/06,Denver Nuggets,530,1480,2540,5284,1538,2090,965,2469,1959,586,436,1323,1911,8208
05/06,Charlotte Bobcats/Hornets,458,1285,2607,5125,1683,2283,940,2667,1881,577,441,1464,1929,8271
05/06,Philadelphia 76ers,498,1420,2602,5279,1609,2111,974,2533,1882,630,386,1269,1898,8307
05/06,Atlanta Hawks,444,1205,2631,5228,1768,2372,981,2335,1689,597,422,1227,1855,8362
05/06,New York Knicks,565,1495,2402,4864,1868,2480,883,2280,1744,674,437,1154,2079,8367
05/06,Phoenix Suns,516,1423,2727,5718,1429,1956,1028,2735,1546,591,282,1218,1623,8431
05/06,Toronto Raptors,508,1363,2656,5085,1696,2267,835,2539,1938,518,359,1165,1834,8532
05/06,Seattle SuperSonics/Oklahoma City Thunder,542,1445,2660,5151,1713,2255,1003,2316,1973,598,399,1194,1820,8659
06/07,San Antonio Spurs,368,1101,2492,5362,1300,1756,829,2379,1416,580,337,1176,1739,7388
06/07,Detroit Pistons,409,1205,2410,5132,1484,2006,973,2403,1647,521,290,1205,1668,7531
06/07,Houston Rockets,472,1346,2321,5157,1497,2000,800,2548,1588,571,353,1163,1631,7555
06/07,Dallas Mavericks,375,1074,2415,5167,1654,2216,839,2286,1471,565,312,1190,1811,7609
06/07,Cleveland Cavaliers,405,1231,2433,5106,1539,2096,807,2461,1649,540,349,1254,1804,7620
06/07,Chicago Bulls,484,1387,2309,5029,1619,2219,897,2456,1675,614,433,1429,1900,7689
06/07,Orlando Magic,461,1306,2278,4885,1768,2327,865,2217,1609,678,376,1232,1921,7707
06/07,Miami Heat,531,1495,2364,5022,1513,2039,921,2467,1656,562,314,1185,1790,7834
06/07,Los Angeles Clippers,455,1341,2457,5095,1602,2142,843,2377,1722,582,321,1132,1829,7881
06/07,New Orleans/Oklahoma City Hornets/New Orleans Hornets/Pelicans,559,1575,2445,5004,1395,1839,853,2493,1703,554,392,1119,1733,7962
06/07,Philadelphia 76ers,503,1424,2536,5146,1452,1926,969,2404,1825,606,320,1280,1801,8033
06/07,Indiana Pacers,437,1175,2494,5241,1741,2311,915,2499,1642,644,410,1289,1942,8040
06/07,Brooklyn/New Jersey Nets,519,1455,2392,5021,1723,2261,867,2526,1805,584,369,1188,1886,8064
06/07,Portland Trail Blazers,467,1293,2495,4999,1678,2157,850,2347,1703,539,380,1127,1750,8069
06/07,Atlanta Hawks,465,1236,2488,5099,1699,2315,948,2370,1732,597,421,1247,1853,8070
06/07,Toronto Raptors,533,1491,2518,5102,1441,1911,848,2641,1742,489,317,1241,1786,8076
06/07,Utah Jazz,506,1424,2313,4767,1943,2534,813,2223,1552,623,438,1230,2010,8087
06/07,Boston Celtics,429,1212,2537,5125,1776,2376,848,2476,1811,604,449,1250,1757,8137
06/07,Minnesota Timberwolves,518,1488,2557,5201,1510,1987,957,2438,1782,583,360,1163,1679,8178
06/07,New York Knicks,573,1523,2448,5043,1613,2135,885,2297,1748,616,406,1122,1875,8228
06/07,Charlotte Bobcats/Hornets,452,1245,2547,5205,1802,2404,929,2562,1717,603,437,1296,1786,8252
06/07,Seattle SuperSonics/Oklahoma City Thunder,519,1437,2607,5131,1596,2124,954,2408,1870,590,341,1233,1635,8367
06/07,Phoenix Suns,504,1387,2734,5700,1458,1901,1008,2504,1548,566,304,1242,1759,8438
06/07,Sacramento Kings,557,1524,2590,5147,1600,2115,907,2648,1840,572,405,1335,1990,8451
06/07,Los Angeles Lakers,523,1462,2574,5257,1763,2320,955,2508,1798,649,409,1208,1916,8480
06/07,Denver Nuggets,554,1569,2703,5519,1438,1945,1006,2461,2010,680,424,1343,1946,8506
06/07,Milwaukee Bucks,565,1537,2636,5136,1564,2109,1062,2468,2077,615,433,1284,1718,8531
06/07,Washington Wizards,598,1585,2568,5115,1668,2146,973,2551,1942,519,380,1291,1927,8598
06/07,Memphis Grizzlies,576,1480,2711,5281,1603,2113,965,2483,2062,681,450,1253,1992,8753
06/07,Golden State Warriors,609,1664,2562,5207,1814,2419,1074,2733,2023,680,399,1525,1832,8765
07/08,Detroit Pistons,409,1233,2318,5006,1523,2047,865,2344,1563,477,319,1108,1618,7386
07/08,Boston Celtics,485,1535,2172,4806,1605,2160,899,2290,1539,594,389,1308,1818,7404
07/08,San Antonio Spurs,420,1227,2437,5204,1293,1710,776,2527,1490,566,361,1058,1625,7427
07/08,Houston Rockets,433,1186,2419,5408,1410,1912,894,2441,1548,622,379,1094,1615,7547
07/08,New Orleans/Oklahoma City Hornets/New Orleans Hornets/Pelicans,544,1552,2494,5052,1217,1579,815,2533,1779,470,331,1136,1573,7837
07/08,Dallas Mavericks,408,1168,2495,5383,1648,2168,882,2419,1547,536,357,999,1739,7862
07/08,Philadelphia 76ers,557,1549,2443,4955,1332,1726,923,2293,1903,550,420,1289,1708,7889
07/08,Portland Trail Blazers,533,1499,2450,5117,1401,1828,957,2465,1714,488,301,1026,1656,7900
07/08,Cleveland Cavaliers,506,1419,2433,5043,1548,2070,814,2500,1721,559,388,1092,1666,7932
07/08,Toronto Raptors,619,1683,2388,4886,1344,1732,830,2583,1797,470,333,1149,1508,7977
07/08,Orlando Magic,516,1441,2541,5414,1489,1975,900,2519,1764,581,344,1081,1898,8119
07/08,Washington Wizards,683,1768,2332,4769,1418,1880,900,2478,1958,529,360,1149,1656,8131
07/08,Utah Jazz,506,1419,2390,4867,1848,2468,844,2256,1629,619,420,1305,1891,8146
07/08,Miami Heat,552,1497,2477,4980,1590,2105,916,2617,1817,631,341,1166,1650,8200
07/08,Atlanta Hawks,512,1413,2603,5320,1461,1943,968,2386,1825,615,421,1123,1793,8203
07/08,Chicago Bulls,571,1522,2411,5061,1699,2217,914,2582,1794,648,465,1254,1746,8234
07/08,Brooklyn/New Jersey Nets,534,1448,2448,5095,1774,2311,896,2517,1810,662,362,1098,1836,8272
07/08,Los Angeles Clippers,486,1393,2628,5277,1574,2096,916,2657,1834,590,388,1112,1773,8288
07/08,Los Angeles Lakers,554,1531,2573,5491,1501,1995,988,2521,1793,634,368,1168,1850,8309
07/08,Charlotte Bobcats/Hornets,517,1456,2598,5228,1571,2102,999,2588,1785,625,476,1177,1721,8318
07/08,Minnesota Timberwolves,541,1516,2515,4965,1742,2266,871,2545,1899,610,467,1103,1434,8395
07/08,New York Knicks,587,1592,2597,5119,1535,2078,924,2573,1773,621,429,1046,1665,8490
07/08,Milwaukee Bucks,588,1530,2559,5032,1639,2141,872,2464,1913,647,404,1125,1727,8521
07/08,Sacramento Kings,597,1600,2540,5132,1722,2287,970,2465,1878,661,452,1250,1892,8593
07/08,Phoenix Suns,469,1329,2899,6055,1407,1879,1101,2498,1607,601,311,1101,1731,8612
07/08,Indiana Pacers,606,1571,2487,5246,1850,2443,929,2800,1820,663,416,1297,1782,8642
07/08,Seattle SuperSonics/Oklahoma City Thunder,607,1576,2681,5560,1534,2048,961,2655,1997,706,440,1082,1610,8717
07/08,Memphis Grizzlies,591,1625,2803,5451,1387,1791,932,2721,1963,711,403,1096,1842,8766
07/08,Denver Nuggets,621,1710,2713,5593,1481,2028,1042,2680,2107,644,393,1343,1950,8770
07/08,Golden State Warriors,572,1556,2701,5442,1806,2378,1053,2803,1939,567,413,1384,1736,8924
08/09,Cleveland Cavaliers,482,1447,2293,4997,1459,1895,878,2310,1568,519,338,1137,1664,7491
08/09,San Antonio Spurs,447,1180,2526,5388,1257,1635,745,2570,1481,531,352,961,1511,7650
08/09,Boston Celtics,507,1452,2256,4966,1626,2110,834,2249,1553,585,389,1195,1820,7659
08/09,Portland Trail Blazers,487,1301,2412,5001,1430,1780,786,2190,1590,514,319,1082,1733,7715
08/09,New Orleans/Oklahoma City Hornets/New Orleans Hornets/Pelicans,575,1625,2276,4704,1453,1879,822,2459,1649,476,290,1089,1675,7730
08/09,Orlando Magic,444,1297,2492,5488,1421,1882,864,2591,1488,564,308,1072,1840,7737
08/09,Houston Rockets,464,1298,2527,5437,1296,1730,873,2399,1620,588,435,1012,1689,7742
08/09,Detroit Pistons,435,1228,2441,5152,1580,2039,861,2453,1651,461,342,964,1612,7767
08/09,Charlotte Bobcats/Hornets,558,1526,2325,4823,1457,1928,877,2310,1604,626,488,1206,1714,7781
08/09,Atlanta Hawks,528,1496,2474,5113,1385,1800,955,2481,1705,530,354,1121,1681,7917
08/09,Philadelphia 76ers,585,1595,2412,4894,1402,1792,935,2285,1799,575,400,1278,1786,7981
08/09,Miami Heat,591,1519,2329,4893,1609,2086,896,2536,1646,528,335,1246,1632,8040
08/09,Los Angeles Lakers,586,1700,2464,5125,1454,1931,959,2440,1854,635,392,1275,1816,8140
08/09,Memphis Grizzlies,536,1510,2482,4868,1574,2043,842,2431,1735,632,443,1194,1786,8146
08/09,Dallas Mavericks,517,1379,2554,5373,1522,1907,884,2509,1611,589,334,1064,1645,8181
08/09,Milwaukee Bucks,562,1486,2292,4747,1961,2480,831,2527,1730,616,376,1350,1842,8231
08/09,Brooklyn/New Jersey Nets,600,1536,2353,4849,1738,2281,872,2523,1793,567,393,1103,1680,8244
08/09,Utah Jazz,534,1479,2485,5030,1703,2233,908,2393,1640,658,424,1323,1972,8275
08/09,Denver Nuggets,601,1643,2365,5095,1742,2228,991,2391,1756,648,447,1265,1944,8275
08/09,Toronto Raptors,629,1716,2543,5111,1379,1759,895,2539,1887,521,386,1093,1645,8352
08/09,Chicago Bulls,486,1400,2655,5464,1633,2077,1017,2491,1723,622,449,1177,1708,8401
08/09,Minnesota Timberwolves,536,1420,2573,5141,1668,2145,813,2539,1765,610,484,1028,1642,8422
08/09,Seattle SuperSonics/Oklahoma City Thunder,524,1439,2706,5360,1468,1930,884,2496,1769,697,407,1140,1656,8452
08/09,Washington Wizards,674,1740,2490,4825,1487,1959,934,2491,2015,593,431,1140,1638,8489
08/09,Los Angeles Clippers,536,1431,2682,5374,1546,2035,962,2653,1951,652,414,1093,1609,8518
08/09,Indiana Pacers,569,1519,2572,5343,1857,2431,909,2708,1731,635,444,1151,1692,8708
08/09,Phoenix Suns,626,1635,2652,5390,1634,2108,993,2352,1741,706,369,1165,1877,8816
08/09,New York Knicks,571,1625,2807,5416,1514,1998,954,2826,1774,654,437,1188,1592,8841
08/09,Sacramento Kings,580,1430,2701,5362,1824,2412,1018,2592,1796,704,423,1178,1737,8966
08/09,Golden State Warriors,582,1531,2819,5742,1828,2346,1165,2695,1980,647,414,1229,1927,9212
09/10,Charlotte Bobcats/Hornets,573,1696,2352,4840,1270,1710,868,2382,1666,614,502,1256,1804,7693
09/10,Miami Heat,524,1531,2289,4877,1577,2091,856,2483,1545,517,355,1184,1639,7727
09/10,Portland Trail Blazers,480,1399,2470,4953,1394,1870,801,2322,1583,485,333,1104,1767,7774
09/10,Orlando Magic,522,1437,2433,5302,1380,1830,800,2481,1550,551,288,1050,1819,7812
09/10,Boston Celtics,470,1375,2410,5015,1606,2152,868,2418,1585,578,386,1283,1777,7836
09/10,Cleveland Cavaliers,524,1511,2411,5122,1444,1907,794,2366,1661,542,325,1045,1708,7838
09/10,Milwaukee Bucks,438,1276,2432,5085,1692,2211,790,2722,1581,573,421,1254,1664,7870
09/10,San Antonio Spurs,412,1200,2613,5491,1433,1896,814,2427,1576,567,417,1032,1672,7895
09/10,Los Angeles Lakers,520,1585,2530,5255,1332,1776,914,2546,1792,573,363,1159,1737,7952
09/10,Atlanta Hawks,480,1392,2568,5231,1380,1852,922,2471,1719,506,359,1135,1582,7956
09/10,Seattle SuperSonics/Oklahoma City Thunder,481,1414,2526,5304,1541,2018,937,2397,1618,616,384,1238,1755,8036
09/10,Utah Jazz,552,1559,2356,4912,1741,2286,837,2376,1628,632,445,1238,1818,8109
09/10,Chicago Bulls,584,1680,2459,5205,1457,1958,916,2589,1715,578,438,1090,1643,8127
09/10,Detroit Pistons,568,1514,2397,4658,1630,2124,814,2420,1898,549,401,1174,1702,8128
09/10,Dallas Mavericks,525,1515,2582,5290,1402,1849,922,2592,1659,563,337,1195,1652,8141
09/10,Washington Wizards,528,1466,2555,5198,1590,2088,935,2530,1772,569,415,1115,1684,8284
09/10,Brooklyn/New Jersey Nets,468,1278,2704,5315,1511,2021,925,2683,1960,638,421,1149,1647,8323
09/10,Philadelphia 76ers,606,1542,2499,5031,1518,1983,888,2470,1810,621,332,1189,1534,8334
09/10,Los Angeles Clippers,529,1457,2664,5335,1455,1910,879,2490,1926,686,363,1059,1588,8370
09/10,Denver Nuggets,523,1498,2565,5268,1695,2207,955,2513,1723,578,438,1235,1943,8394
09/10,New Orleans/Oklahoma City Hornets/New Orleans Hornets/Pelicans,539,1517,2711,5213,1383,1841,870,2586,1925,574,367,1177,1597,8422
09/10,Houston Rockets,489,1344,2747,5466,1464,1917,875,2632,1716,597,532,1207,1840,8425
09/10,Indiana Pacers,510,1405,2603,5470,1774,2346,969,2852,1694,654,414,1227,1709,8510
09/10,Memphis Grizzlies,572,1618,2705,5231,1402,1858,907,2349,1875,635,501,1165,1840,8528
09/10,Sacramento Kings,497,1391,2702,5437,1663,2149,909,2538,1683,586,468,1120,1650,8558
09/10,Phoenix Suns,561,1582,2674,5583,1606,2114,1081,2391,1704,646,365,1065,1789,8637
09/10,Toronto Raptors,609,1665,2585,5159,1683,2146,933,2453,1889,580,360,1040,1730,8680
09/10,New York Knicks,553,1571,2799,5331,1429,1896,959,2724,1723,585,368,1182,1576,8686
09/10,Minnesota Timberwolves,618,1690,2725,5271,1534,1981,917,2640,2103,721,442,1173,1686,8838
09/10,Golden State Warriors,567,1514,2842,5519,1832,2390,1100,2842,1979,645,407,1442,1757,9217
10/11,Boston Celtics,443,1304,2325,5067,1494,1975,862,2387,1533,574,364,1262,1659,7473
10/11,Chicago Bulls,427,1308,2378,5215,1450,1898,828,2322,1556,568,477,1159,1645,7487
10/11,Milwaukee Bucks,437,1309,2397,5033,1498,1946,836,2629,1657,507,392,1245,1694,7603
10/11,Orlando Magic,516,1476,2349,5093,1441,1940,805,2450,1646,606,310,1136,1791,7687
10/11,New Orleans/Oklahoma City Hornets/New Orleans Hornets/Pelicans,557,1562,2325,4744,1390,1805,769,2457,1739,497,396,1192,1674,7711
10/11,Miami Heat,546,1584,2323,5030,1473,1980,864,2349,1651,574,246,1081,1788,7757
10/11,Portland Trail Blazers,529,1440,2375,4778,1434,1869,868,2385,1573,566,339,1286,1743,7771
10/11,Los Angeles Lakers,558,1668,2450,5220,1246,1628,1002,2399,1827,585,372,1116,1700,7820
10/11,Atlanta Hawks,459,1358,2550,5179,1380,1782,839,2488,1751,548,348,1026,1517,7857
10/11,Dallas Mavericks,508,1480,2488,5176,1373,1830,880,2459,1689,623,303,1114,1650,7873
10/11,Charlotte Bobcats/Hornets,577,1609,2379,4883,1489,1908,804,2446,1777,601,496,1082,1730,7978
10/11,Philadelphia 76ers,468,1375,2528,5263,1536,1987,881,2608,1762,583,376,1168,1544,7996
10/11,Memphis Grizzlies,587,1592,2380,4897,1482,1948,905,2387,1724,613,505,1367,1754,8003
10/11,San Antonio Spurs,479,1305,2648,5555,1301,1698,884,2494,1685,567,374,1095,1701,8034
10/11,Brooklyn/New Jersey Nets,507,1393,2562,5209,1589,2115,849,2575,1824,561,375,1010,1638,8234
10/11,Detroit Pistons,523,1461,2587,4944,1503,1962,866,2470,1910,568,381,1160,1545,8246
10/11,Indiana Pacers,511,1423,2560,5414,1618,2157,931,2618,1670,615,467,1143,1758,8271
10/11,Seattle SuperSonics/Oklahoma City Thunder,482,1335,2641,5488,1557,2093,932,2395,1712,587,356,1152,1767,8285
10/11,Utah Jazz,592,1573,2375,4887,1777,2285,925,2426,1700,609,411,1199,1802,8303
10/11,Los Angeles Clippers,584,1598,2462,5090,1670,2167,914,2410,1827,659,404,1125,1811,8346
10/11,Denver Nuggets,576,1675,2577,5201,1539,2036,864,2525,1820,611,488,1127,1864,8421
10/11,Houston Rockets,448,1250,2818,5729,1526,1954,955,2552,1707,588,449,1125,1754,8506
10/11,Cleveland Cavaliers,664,1614,2568,5190,1438,1894,894,2676,1984,619,489,1111,1747,8566
10/11,Washington Wizards,560,1500,2614,5241,1676,2202,994,2607,1898,624,413,1293,1662,8584
10/11,Sacramento Kings,480,1353,2780,5473,1589,2085,868,2508,1779,666,464,1204,1723,8589
10/11,Toronto Raptors,541,1438,2672,5230,1672,2175,912,2457,1854,625,456,1141,1620,8639
10/11,Golden State Warriors,567,1586,2606,5202,1755,2262,1051,2623,2029,672,352,1324,1512,8668
10/11,New York Knicks,536,1442,2706,5428,1650,2165,964,2646,1682,586,360,1250,1703,8670
10/11,Phoenix Suns,585,1595,2724,5423,1481,1964,985,2647,1890,644,356,1189,1740,8684
10/11,Minnesota Timberwolves,639,1707,2591,5195,1733,2227,913,2577,2031,777,447,1183,1717,8832
12/13,Memphis Grizzlies,504,1489,2244,4823,1319,1763,845,2359,1599,600,450,1268,1643,7319
12/13,Indiana Pacers,440,1344,2357,5313,1314,1728,909,2401,1555,611,459,1096,1777,7348
12/13,Chicago Bulls,453,1309,2453,5256,1350,1826,901,2469,1545,600,477,1123,1609,7615
12/13,Los Angeles Clippers,627,1682,2207,4715,1465,1956,891,2315,1812,606,335,1319,1712,7760
12/13,Miami Heat,624,1783,2295,4850,1329,1735,921,2369,1655,649,262,1280,1673,7791
12/13,Brooklyn/New Jersey Nets,518,1415,2548,5199,1148,1571,878,2336,1756,614,390,1102,1751,7798
12/13,Boston Celtics,550,1610,2376,5029,1434,1937,925,2603,1752,634,378,1239,1574,7836
12/13,New York Knicks,639,1789,2277,4576,1378,1821,824,2591,1580,523,327,1242,1576,7849
12/13,Washington Wizards,586,1680,2358,5017,1378,1867,903,2719,1767,639,358,1193,1569,7852
12/13,Philadelphia 76ers,549,1574,2468,5069,1331,1752,903,2704,1870,590,396,1175,1331,7914
12/13,Seattle SuperSonics/Oklahoma City Thunder,610,1761,2356,5211,1372,1773,987,2350,1681,673,322,1212,1698,7914
12/13,San Antonio Spurs,519,1471,2560,5489,1246,1639,912,2577,1756,675,405,1221,1565,7923
12/13,Atlanta Hawks,620,1635,2453,5188,1233,1617,928,2659,1825,689,350,1249,1543,7999
12/13,New Orleans/Oklahoma City Hornets/New Orleans Hornets/Pelicans,632,1688,2398,4747,1339,1764,835,2391,1915,648,492,1086,1534,8031
12/13,Utah Jazz,560,1513,2443,5037,1479,1953,901,2446,1689,640,480,1206,1670,8045
12/13,Minnesota Timberwolves,576,1559,2537,5098,1243,1652,871,2583,1832,661,481,1302,1847,8045
12/13,Toronto Raptors,546,1511,2425,4982,1604,2148,877,2544,1796,578,387,1169,1650,8092
12/13,Detroit Pistons,604,1676,2452,4979,1389,1823,911,2514,1837,691,472,1126,1630,8105
12/13,Golden State Warriors,657,1896,2394,5058,1464,1958,907,2596,1931,670,399,1110,1571,8223
12/13,Milwaukee Bucks,529,1519,2623,5427,1398,1841,1019,2757,1893,658,362,1310,1567,8231
12/13,Portland Trail Blazers,521,1531,2703,5276,1286,1690,901,2578,1944,691,359,1074,1537,8255
12/13,Los Angeles Lakers,613,1718,2640,5462,1167,1594,947,2551,1918,696,396,1061,1891,8286
12/13,Denver Nuggets,687,1894,2434,5131,1358,1858,1020,2391,1936,658,554,1305,1775,8287
12/13,Orlando Magic,617,1721,2552,5121,1336,1811,888,2618,1946,592,430,1020,1353,8291
12/13,Cleveland Cavaliers,610,1639,2499,4888,1469,1987,889,2563,1963,624,560,1249,1615,8297
12/13,Phoenix Suns,568,1464,2613,5307,1405,1855,958,2598,1870,684,421,1258,1511,8335
12/13,Dallas Mavericks,642,1789,2425,5101,1566,2079,985,2752,1805,698,340,1202,1547,8342
12/13,Houston Rockets,661,1798,2523,5209,1374,1771,876,2539,1858,693,498,1210,1674,8403
12/13,Charlotte Bobcats/Hornets,716,1847,2469,4915,1332,1784,971,2645,2071,569,565,1152,1746,8418
12/13,Sacramento Kings,625,1762,2597,5069,1550,1980,973,2601,2058,624,517,1208,1636,8619
13/14,Chicago Bulls,538,1532,2329,5128,1256,1668,876,2508,1604,621,490,1178,1714,7528
13/14,Indiana Pacers,538,1561,2312,5224,1334,1768,855,2521,1525,593,378,1120,1793,7572
13/14,Memphis Grizzlies,615,1731,2309,4769,1292,1686,809,2403,1632,591,410,1162,1553,7755
13/14,Charlotte Bobcats/Hornets,665,1800,2357,5038,1251,1649,785,2766,1718,514,415,1090,1716,7960
13/14,Miami Heat,694,1917,2267,4558,1374,1832,886,2420,1751,667,256,1369,1675,7990
13/14,San Antonio Spurs,529,1500,2567,5476,1285,1691,862,2600,1669,628,379,1137,1585,8006
13/14,Toronto Raptors,568,1578,2389,4995,1557,2071,854,2505,1719,596,352,1224,1815,8039
13/14,New York Knicks,713,1921,2221,4480,1568,2050,843,2600,1618,513,277,1193,1611,8149
13/14,Washington Wizards,612,1763,2426,4869,1462,1912,827,2633,1824,631,320,1314,1600,8150
13/14,Golden State Warriors,569,1656,2450,5264,1548,2023,878,2671,1683,649,342,1232,1584,8155
13/14,Brooklyn/New Jersey Nets,662,1802,2318,4709,1539,2026,921,2594,1723,608,337,1296,1704,8161
13/14,Seattle SuperSonics/Oklahoma City Thunder,705,1968,2279,4874,1512,2080,900,2456,1785,669,296,1248,1672,8185
13/14,Boston Celtics,539,1553,2562,5122,1517,1993,871,2596,1813,609,373,1168,1564,8258
13/14,Los Angeles Clippers,595,1791,2473,5167,1547,2049,1011,2575,1908,570,284,1261,1919,8278
13/14,Atlanta Hawks,654,1793,2509,5050,1341,1793,882,2688,1901,672,354,1247,1643,8321
13/14,Cleveland Cavaliers,765,2083,2332,4764,1365,1803,841,2648,2037,587,461,1144,1599,8324
13/14,Orlando Magic,659,1778,2467,5083,1449,1881,859,2746,1848,581,445,1146,1500,8360
13/14,Utah Jazz,599,1591,2539,5048,1504,1945,846,2640,1788,617,401,1034,1673,8379
13/14,New Orleans/Oklahoma City Hornets/New Orleans Hornets/Pelicans,652,1827,2403,4740,1637,2176,881,2538,1845,577,504,1185,1664,8399
13/14,Dallas Mavericks,678,1888,2418,4785,1530,2019,943,2569,1808,635,288,1312,1633,8400
13/14,Phoenix Suns,556,1632,2562,5208,1621,2115,926,2586,1664,613,332,1258,1749,8413
13/14,Portland Trail Blazers,534,1504,2714,5699,1396,1822,944,2622,1675,639,304,985,1698,8426
13/14,Houston Rockets,666,1889,2531,5329,1395,1844,977,2439,1821,704,460,1149,1993,8455
13/14,Sacramento Kings,696,1833,2407,4901,1577,2139,813,2568,1927,637,459,1116,1897,8479
13/14,Milwaukee Bucks,697,1826,2449,4896,1511,2011,961,2608,1870,640,413,1158,1690,8500
13/14,Minnesota Timberwolves,663,1820,2658,5228,1244,1645,908,2717,1875,644,457,1346,1936,8549
13/14,Detroit Pistons,683,1872,2525,4948,1487,1967,913,2612,2001,670,403,1230,1699,8586
13/14,Denver Nuggets,605,1724,2633,5362,1654,2168,930,2665,1843,694,459,1178,1778,8735
13/14,Los Angeles Lakers,666,1843,2774,5507,1412,1942,1068,2950,2112,790,387,1164,1580,8958
13/14,Philadelphia 76ers,739,1998,2545,4977,1705,2261,976,2871,2144,736,558,1391,1686,9012
14/15,Utah Jazz,604,1670,2331,4917,1309,1760,811,2406,1594,674,382,1076,1604,7783
14/15,Memphis Grizzlies,663,1889,2291,4795,1225,1651,864,2616,1652,604,424,1257,1662,7796
14/15,San Antonio Spurs,558,1550,2486,5311,1307,1754,813,2643,1699,648,362,1167,1613,7953
14/15,Indiana Pacers,591,1713,2358,5071,1469,1951,800,2704,1633,617,386,1045,1754,7958
14/15,Atlanta Hawks,720,2112,2271,4703,1262,1651,948,2631,1931,604,404,1317,1611,7964
14/15,Miami Heat,666,1887,2294,4636,1391,1905,894,2467,1748,646,359,1215,1715,7977
14/15,Charlotte Bobcats/Hornets,649,1816,2371,5047,1292,1673,728,2890,1815,502,440,1033,1708,7981
14/15,Milwaukee Bucks,676,1974,2241,4707,1478,1993,938,2576,1831,708,392,1425,1649,7988
14/15,Chicago Bulls,538,1605,2557,5504,1291,1723,963,2598,1657,614,443,1000,1736,8019
14/15,Washington Wizards,657,1885,2308,4959,1434,1942,821,2599,1634,655,350,1145,1610,8021
14/15,Portland Trail Blazers,524,1552,2606,5571,1298,1713,902,2754,1669,655,297,999,1534,8082
14/15,New Orleans/Oklahoma City Hornets/New Orleans Hornets/Pelicans,537,1605,2571,5209,1329,1751,870,2537,1700,555,475,1003,1533,8082
14/15,Cleveland Cavaliers,634,1848,2487,5002,1214,1629,885,2487,1974,642,368,1092,1685,8090
14/15,Detroit Pistons,635,1789,2471,5028,1312,1699,877,2740,1949,572,391,1146,1584,8159
14/15,Golden State Warriors,592,1757,2439,5327,1534,2011,963,2690,1718,680,293,1329,1541,8188
14/15,Los Angeles Clippers,683,1959,2301,4786,1560,2105,868,2649,1904,548,245,1171,1766,8211
14/15,Houston Rockets,605,1881,2487,5102,1451,1932,973,2621,1752,726,437,1342,1730,8240
14/15,Brooklyn/New Jersey Nets,696,1944,2454,4969,1278,1748,937,2699,1944,643,372,1137,1641,8274
14/15,Toronto Raptors,633,1828,2483,4959,1410,1923,922,2559,1870,567,413,1182,1668,8275
14/15,Philadelphia 76ers,658,1879,2387,4906,1530,2023,940,2853,1942,779,454,1374,1657,8278
14/15,New York Knicks,694,1825,2337,4767,1543,2032,898,2669,1783,659,353,1153,1564,8299
14/15,Boston Celtics,607,1804,2518,5139,1442,1909,893,2772,1798,583,431,1239,1545,8299
14/15,Orlando Magic,682,1853,2430,4867,1410,1878,825,2739,1921,635,441,1185,1467,8316
14/15,Seattle SuperSonics/Oklahoma City Thunder,681,1984,2404,5024,1494,2005,917,2587,1815,642,377,1118,1675,8345
14/15,Dallas Mavericks,741,2034,2376,4896,1415,1879,1006,2778,1830,602,314,1339,1816,8390
14/15,Phoenix Suns,633,1798,2516,5174,1540,2030,951,2766,1734,651,337,1276,1664,8471
14/15,Denver Nuggets,631,1823,2533,5086,1652,2208,899,2798,1894,611,504,1177,1698,8611
14/15,Sacramento Kings,718,2055,2520,5039,1420,1898,898,2479,1912,712,508,1059,1958,8614
14/15,Los Angeles Lakers,697,1921,2483,4896,1577,2118,824,2797,1966,611,396,1068,1589,8634
14/15,Minnesota Timberwolves,697,1897,2676,5036,1294,1704,953,2619,1933,686,449,1243,1751,8737
15/16,San Antonio Spurs,541,1634,2387,5075,1221,1611,747,2576,1707,592,317,1214,1597,7618
15/16,Utah Jazz,649,1819,2271,4730,1374,1842,764,2522,1568,652,385,1146,1629,7863
15/16,Toronto Raptors,717,1922,2274,4810,1354,1809,782,2561,1781,534,442,1094,1801,8053
15/16,Cleveland Cavaliers,647,1862,2372,4874,1378,1855,760,2604,1756,590,362,1092,1690,8063
15/16,Miami Heat,605,1742,2449,5172,1356,1761,803,2580,1657,612,337,1060,1608,8069
15/16,Atlanta Hawks,679,2008,2367,5050,1366,1810,944,2869,1808,706,411,1324,1500,8137
15/16,Los Angeles Clippers,645,1909,2370,5037,1543,2055,968,2861,1740,583,259,1260,1842,8218
15/16,Indiana Pacers,679,2035,2386,4927,1428,1901,877,2774,1707,634,366,1297,1676,8237
15/16,Charlotte Bobcats/Hornets,726,2081,2372,4890,1334,1735,726,2936,1901,553,448,1103,1670,8256
15/16,New York Knicks,626,1838,2488,5197,1435,1904,890,2733,1703,589,343,927,1520,8289
15/16,Memphis Grizzlies,797,2185,2150,4274,1619,2107,830,2711,1792,576,469,1328,1732,8310
15/16,Detroit Pistons,596,1679,2586,5224,1351,1726,725,2763,1766,583,366,1099,1773,8311
15/16,Boston Celtics,643,1912,2432,5061,1613,2136,932,2838,1715,622,450,1348,1718,8406
15/16,Dallas Mavericks,743,2170,2401,4801,1382,1873,868,2887,1800,617,363,1142,1757,8413
15/16,Seattle SuperSonics/Oklahoma City Thunder,667,1949,2483,5243,1474,1950,923,2373,1767,719,373,1068,1653,8441
15/16,Chicago Bulls,651,1885,2583,5448,1337,1813,969,2798,1848,655,465,974,1535,8456
15/16,Milwaukee Bucks,765,2171,2332,4646,1506,1961,942,2583,2013,679,462,1269,1600,8465
15/16,Orlando Magic,732,2041,2418,4809,1470,1971,832,2800,1899,620,448,1240,1497,8502
15/16,Golden State Warriors,640,1928,2548,5402,1523,2013,937,2662,1823,710,336,1185,1627,8539
15/16,Portland Trail Blazers,700,1888,2446,5057,1562,2129,867,2716,1770,630,424,1088,1597,8554
15/16,Washington Wizards,737,1987,2433,4881,1498,1947,773,2858,1846,661,356,1325,1651,8575
15/16,Denver Nuggets,754,2033,2428,4871,1491,1958,799,2700,1924,660,517,1122,1712,8609
15/16,Minnesota Timberwolves,742,2089,2534,4873,1394,1842,877,2558,1857,638,427,1220,1768,8688
15/16,Brooklyn/New Jersey Nets,775,2100,2570,4884,1227,1608,840,2719,2006,720,430,1162,1510,8692
15/16,Houston Rockets,796,2206,2404,4771,1525,2018,970,2690,2015,734,404,1360,1847,8721
15/16,New Orleans/Oklahoma City Hornets/New Orleans Hornets/Pelicans,754,2043,2464,4834,1544,1972,730,2912,1899,602,423,1127,1630,8734
15/16,Los Angeles Lakers,700,2016,2623,5007,1420,1942,897,2915,2022,617,458,1037,1573,8766
15/16,Phoenix Suns,770,2041,2438,4829,1631,2177,813,2770,1837,782,449,1224,1770,8817
15/16,Philadelphia 76ers,638,1776,2615,5229,1683,2141,913,2987,1919,711,466,1241,1571,8827
15/16,Sacramento Kings,839,2293,2488,4901,1450,1902,926,2765,1986,722,437,1308,1800,8943
